3.0652480924554277	-3.1853980772797934	-5.074440942555611
-8.317120329545334	-1.2888393413003871	-1.795626387890566
-6.7648168970205615	-7.9499970247711715	-4.269926551453655
-10.434923339765875	-23.026488831531243	1.0930198130960511
-10.606508617469856	-14.388489650543132	-6.396236018492138
-1.606095342886313	-0.536224120541399	-2.4733865780064415
22.619970654870496	-7.843641071961995	-3.4220631662850205
22.84671693321341	-7.801562970070499	-3.527661351053653
23.44824058659236	-7.90861424522211	-3.2691576177534434
26.075598435239627	-7.554971145412428	-3.963110602872948
29.732246984080906	-7.127902413773855	-4.078108348627978
30.54217044472132	-4.465637747868578	-5.815322982805308
28.740156646826897	-2.038829906487991	-7.737658604133931
25.88857155980947	-1.5252084603234757	-8.678488365760073
23.81541570333749	-0.8726973369885657	-9.765282622831547
22.255435316182897	-0.8479535191324297	-11.165690173469338
22.1161280232878	-0.4669503246910495	-11.629488169061492
22.324083776201388	-1.1479476939831224	-12.528339136750827
21.530194930716988	-1.4229937636011352	-13.526352302509066
21.208739096653364	-1.5242363262061729	-12.711553638702425
19.824968434332472	-0.6711313321343744	-11.072417698550613
18.23840683592905	0.04550420246953185	-9.922875014528168
16.789819976978308	1.7308058510293072	-9.52910654866865
14.232804844277897	2.8994472711806645	-9.668745750443144
12.660351231399952	1.7910528340426337	-9.833398768371529
11.9065524798894	1.0151167172289173	-9.63507777071754
12.660628023435773	1.7985492909383751	-10.181636490521965
14.028809515725754	1.7241891818954027	-10.122542858062653
15.517893294126058	1.5375900746447286	-10.51453915375072
17.62795667944327	0.9644530286006163	-10.444070942213555
19.77483329191542	-0.38882945020223164	-10.367730806763497
20.525835938214346	-2.1866368059124084	-10.220579786950902
22.769247206453652	-2.70075569453252	-11.636976924853931
22.951693203594708	-3.615830147272978	-11.440968905276803
24.398329768848793	-3.441969408575911	-11.481860647705885
25.03362554860878	-4.058720691718135	-11.31522147826256
26.199061755834624	-4.009114702967042	-10.674879623294377
28.491768945760487	-3.7124921953475303	-8.32503341459072
30.55413376466417	-4.373209146990257	-6.758726126705534
31.613322252155434	-3.828986116656946	-5.61895403418393
29.805471628646668	-4.893657659090309	-5.480352438001574
26.899944725985417	-7.515555446159441	-4.280011654193688
26.575722858843324	-9.050411546800815	-4.026686108286074
26.02285630514049	-8.294326999285301	-3.395849562850772
27.096473063075063	-7.301597838594159	-3.400462142214631
28.795797973241097	-7.078054349532223	-3.5700257547738814
30.585564023190088	-5.40350410675847	-5.565924024089354
29.553250654349604	-3.005781590304681	-7.672921668029314
27.951855337821527	-0.5917190021739811	-8.636197560014367
27.35376205684598	0.18795596611659063	-9.103718618512284
26.738887798218563	1.1417371875839089	-9.618690707004133
27.10514121253337	2.220517181011781	-9.31840843637201
25.159577297312193	2.2283543953716496	-8.499954776159854
23.909120044409814	1.9634951262346005	-9.321529679844595
22.12603744152248	2.325203616330761	-8.72154462006565
21.715749817690234	2.6109544572571695	-8.861932236925828
19.730842164998172	2.204539757152133	-7.707521934145428
16.39804424281875	2.483674728567105	-7.481124553936522
14.998703241018008	1.8341410567324588	-7.017323085428698
13.254147089061801	0.9468163605865366	-6.902613081812676
10.638672459151104	0.2978691481346673	-7.33711724298515
13.680031899689569	1.1973018355856446	-8.51854832316135
16.589791725244996	2.327127556869359	-8.339236225745855
19.841635412651634	1.6748797979704522	-7.587443847686302
21.32593939036585	1.638960227836049	-7.797760696379389
22.289574666347455	1.2742594272242278	-8.131215757335774
22.889196092856146	1.6268925442335753	-9.262497200202287
22.61805334945863	1.398055116208392	-8.701927132477124
23.335879919661213	1.4439055976264263	-8.676262641378807
24.568119737252307	0.8080459076105682	-8.448823745023399
22.498535748173474	0.7338169340009953	-7.068926832602539
21.232549547754054	-0.014998966951064266	-5.405352742125376
23.927319552207287	-0.5396406602968095	-4.816237750462604
25.129071410934504	-2.5339978390533986	-3.6679843085571155
24.509764657344423	-3.6233500234112834	-2.9825130945508698
22.04370463890835	-5.195187234269092	-3.3629922433711332
21.375060709692118	-6.037778174109227	-3.958251380708138
21.755981613796916	-7.274711269910735	-3.4741200049607515
25.610858926402113	-8.950355909881507	-0.15142767200892096
24.643087736046475	-8.03346675984879	-0.0929957783189707
24.10798974992018	-7.337942689895013	-0.054095327965779594
27.550272143045905	-5.986409749098583	0.07116727420228063
29.043772595209514	-4.691118712477068	0.31593188012160256
30.09966568660066	-3.819412137866215	1.1400962100682062
31.564236542704705	-1.836572711572539	2.0230906390788017
34.5131722124521	-0.415943903829843	2.1285550456961118
35.25056280444557	0.0023660572470717406	2.7733486411715678
35.97867195987759	-0.576035016196537	2.3501724618147195
37.9886079216891	-1.5359242854551964	3.342180807055403
42.401785498538935	-4.283016585069517	5.195370542346417
39.348088885204646	-5.81325781249252	2.7295393267108814
37.36760916551661	-4.167810510807257	2.2341956237944363
36.662162743516724	-3.1156474256572633	3.326637237042974
28.45930733457084	-0.04077348787368032	1.9755820399254365
21.82614629895483	0.2602282281437472	0.3624403190252343
16.05696918252949	1.8239498031713806	-2.5201002150850402
11.700218081143074	2.5907555092736994	-3.6214547668671826
15.444108475118579	2.434377151427746	-2.9430505577645123
21.047413307504062	1.5663285271471497	-1.2645935658920704
26.752047706385934	1.4724936091194245	-0.5158988871186104
28.185395812430517	1.1034604108652368	-0.5237038792724451
29.041482954140577	1.3269174704091364	-0.3217125782178262
30.14873508816312	1.3472060661589653	1.1261507808151658
33.03901378781242	1.352603227435783	2.513725101064093
33.39233502506839	0.5145020035155038	4.605015039597065
34.765942619836395	1.8725848694275185	4.492182810683999
32.89079831770485	1.4492240101994833	5.85133861185835
34.19613424536677	0.8575438654064101	5.965733696420944
34.37216608337883	-0.27870735550360687	5.258631641124017
32.73327943104259	-1.587692431379339	2.8857422493481515
31.219473430326047	-4.836912035275384	1.162095620541625
28.903648684312007	-6.737712179706738	-0.37193907211882166
29.69216193702971	-7.682526105811937	-0.644584270258704
29.93402666696793	-7.273373974005655	-1.1919261838419037
30.60761303261999	-6.278650097515085	-0.28454944354445894
29.789729565736536	-6.119160950359799	-0.533485415900423
31.519880073700055	-4.796953066743465	1.1788931674144754
34.438545645941524	-3.663214413993341	1.5300211908294212
35.59426404272446	-3.2857002074793256	1.885744332780795
35.12705612221217	-1.8900808042991089	3.2858940112024886
36.56540154118102	-1.0899856126699097	3.359154884324768
38.83807118539708	-0.09433764694148244	2.9065683503327726
38.75473992751551	-0.9983054751592382	2.709382994728701
35.356260455707975	-0.7966044960367723	1.4584436663084892
32.9928008116707	-1.128358375214289	0.6341060235391451
29.70408531814838	-0.866909020037656	-1.0486046120348707
27.380359075807885	-0.031490259629568855	-0.5469415721192342
24.319535119107965	-0.3255540838102611	-0.9052026501134512
17.16699884058446	0.48672665008035465	-1.2496100201746427
13.703518297660725	1.79400266908753	-3.2092260714454746
12.387755073459713	2.7809317066696964	-4.269914300565015
13.380979826086456	2.4570451078599995	-4.706432023921098
19.047797516912436	0.9001464392133733	-1.3499068631679791
25.53879092429135	-0.6254815092507517	0.26384370201929036
32.636429377534036	-2.1002362835404718	2.3125665030122327
34.07717336329565	-3.6935996132060955	4.3737002405390735
34.902793351964945	-3.9879124215209503	4.5867594731647925
37.57555713784347	-4.263090493299239	5.940183796740798
35.12747850243523	-1.6175169435948298	4.710922627489014
34.44092007634906	-0.6188647800376583	4.284421086832113
32.66795041747235	0.5453031309688732	5.485504847179534
30.98364244510709	0.2831287878439289	4.0348257652297415
28.889179274725212	-0.4134937497527827	3.624333888490819
28.801904202320813	-3.0267619394484204	2.557217777363427
29.047740229171634	-4.638641979598498	0.9435571296686016
27.100893169084042	-5.838947332099129	0.06613833861133961
25.724653495377304	-6.813145244316413	0.0188090891156782
26.53604395516465	-8.67183226134169	0.8680192643212056
26.660454790568064	-8.862721423180757	0.17152552188859274
25.9605902512214	-8.511086891444613	-0.052370778689163074
-3.935941768912859	7.4607413232526865	0.9177243262580072
-1.9394097206122745	7.605364782750853	0.609912947426072
-4.296937829952972	7.350761089922328	0.7733656325291256
9.624881595615868	-26.269417539296384	4.700443760974575
0.8545810151342268	7.477235490743067	2.3204688969127734
-1.8654534713121658	4.737132722318325	6.128516267261263
-0.37580181453552175	5.43704282036463	8.051231462974295
0.9542037402090168	7.1929735923357585	2.511190088099901
-3.086671743374531	-9.852679655930656	-8.162836059743428
-1.1397444827280316	1.84803828045409	-3.5417320184722465
-2.6398376549871903	1.941661105673202	-4.21810273144923
-2.035335145853958	-0.8660258782084035	-2.7684374564140244
13.269237254488386	-10.922241450939762	5.999944543528609
1.4320133616803734	6.391373442427958	-4.773950650755121
-2.7628855549976787	4.215549567407261	2.4445691522828583
1.1528107560525644	4.6096828191964905	5.041759198917558
1.744769555088791	7.549693478177259	-1.0813726089170104
-2.696239523868122	-10.21082395665529	-9.254823844164985
-3.7649392968182416	7.143647330113236	1.360008526445379
-3.000995137096233	9.248266264987484	0.8149653594403041
-4.150897621455134	6.553475116582945	2.6810233089152824
7.025005380143652	-13.903828546428338	-0.40504773984443754
-0.029636402040210078	8.823161343316565	2.4651753961501557
-3.4414617075365093	6.348125270726964	8.81010838705798
-0.7533385286839906	7.545875370579251	6.283173872500421
0.9748594149392433	10.065904952017883	2.980554913745206
-3.714754046198595	-9.308235572963017	-3.864858222547318
-14.548897163828796	18.89093245309002	4.259949084986128
-16.29440349915844	19.693006096725096	5.557950746075789
-16.458366784297287	12.825206865936885	5.143153647857541
-5.683606806974723	-4.604102694347977	-12.160839022118983
-11.243532823618546	24.202738196318506	3.7979518648354467
-10.341396028919915	19.68817613702194	1.9592772276391102
-8.934855308701447	26.907515133879144	2.5104336852911104
-8.870618966100569	25.269310836754588	5.2402093339133
-7.559341114812566	-14.437451339793553	9.88700900938113
-12.398833849325861	20.954610164465095	0.6912908222427799
-13.31322153788832	19.48134337554479	3.3528318380922206
-13.944911264505174	21.206214270588976	3.307071533465226
-11.686555043938549	-11.739114630332775	-12.941068022276975
-16.570351676563668	17.1488242066177	-1.8077737740851478
-10.565306901679817	21.036193159281893	-0.45242677695974404
-9.369906442841279	26.37999332457531	3.102541050377597
-11.476628136356062	24.92767961157092	0.9646924943614412
-8.455527951741113	-18.785889805625565	-1.597587620619447
-9.028934917598152	-1.581490491955293	-2.6486077137681137
-7.7551413770722	-1.2907861133896945	-2.917273806763833
-9.765422262983403	-2.2695691329506036	-2.523224633102665
-15.629675887053718	-9.416524102959418	0.7942076948191702
-12.133013137543342	-10.352594128119312	-13.535281618297518
-12.669427137993408	-6.05970478149081	0.8571306184040074
-12.558852160989835	-10.405063900978222	15.846043026254103
-4.1798153847055834	-9.371097273898753	8.910208958645192
-14.388688162392937	-12.662394206801602	4.710132060981947
-6.4876596535431155	-0.804457812703848	-17.81873838059744
-5.096054647993572	0.8591460103758436	-16.071025298524866
-4.921729881699533	2.424623190302015	-17.039082104331204
-1.704156514353258	-6.71006136660726	-9.870645878766974
-8.15967846122871	-3.9836417372168036	-8.960960875657317
-8.69909849407475	-3.5761147062248537	-13.928023366041185
-3.093696583333226	4.026894408538605	-13.632778247242623
0.3495088281440717	4.7679976227259315	-13.568716137503579
-1.7231475708107737	-7.233843682195657	-7.279524432242401
-18.93013110082219	-13.160303372571205	-16.93744190747483
-17.32775047722703	-5.0422530454623296	-11.18339515117144
-18.030190660959015	-6.495951816268922	-13.165914858409188
-6.805643686116849	-3.0489508684911826	-10.695008732615626
-10.419609453420117	-3.967492959853154	-14.150097058899544
-17.204617826440572	-9.949600305544198	-15.628094531785866
-6.3364941847482985	-0.3584664109880002	-10.776497363643815
-3.1458806984494805	-0.08870847058401081	-10.200933659508081
-9.565004469754241	-5.4592063972494715	-15.104425765421787
-1.8892670405601237	-9.224981701920207	-6.190463795638364
-7.717489105010443	-1.6139060259120155	-10.014349955770939
-16.093221951833062	-5.639438252858047	-12.703419434011787
-6.446683087454952	2.279360908358427	-9.65501599897956
-1.4169883836779738	2.82246654269926	-7.528527604940616
-3.075961259887266	-2.60599633938007	-1.1374733794249707
-1.2267353538209609	16.699487237239428	3.2061981958906314
-1.1759249828743403	18.64753026353645	3.8468292470907723
-0.7292238299032594	17.9050933498319	3.906035226458283
20.64414809648155	-10.472811210188974	3.5648995480635994
6.1693445292662545	17.528811516392306	6.810836260232853
2.0061806710118204	19.03975919187391	7.162263486227683
2.285409138020852	18.82210909572734	8.718364752101476
2.558693479758677	21.601432384906378	9.369211183349051
21.14330527416821	-8.398867526446448	7.706633289056522
-0.5669777071089238	16.22898995191214	3.8650887856736333
-1.1931380479901232	17.8031723484047	4.512884012672542
-1.0767105253867073	15.5296008864613	4.276157932453593
20.23929005257039	-9.297585259377032	4.559193013238548
6.345890571792414	19.126691572943862	8.181538619369958
1.263801026701595	14.495953355447005	5.555157978339494
-0.4263146113288611	14.959765393233289	12.771618701372136
0.5835743782259882	15.279259268380322	6.709408635601553
25.33063537191692	-7.388756507801323	7.874675289573161
-2.6053186516096973	14.618921281857538	1.7326155516651975
-2.1750526263041485	15.063283413889813	2.6498169408275376
-2.571801816417548	12.831159937028792	1.1924772248463673
20.47634559535957	-10.942709494138626	-0.2558116371424406
3.7051434331216146	14.566531968227242	12.318562268884081
-1.3883155597828825	11.509820159717618	7.535169045545891
-1.0796785948184129	13.357755734839259	18.559041011161295
-1.8860404174554775	12.340417621195916	13.376804073158276
21.687665118827223	-8.158468625859822	4.746064102019522
-23.415105474500507	-19.65082045818097	-9.645630280685888
-18.72214705201666	-10.812571838147173	-6.803960637758289
-21.820387613368673	-16.9943925124983	-8.506781570511752
-11.767704955022014	-10.48525572948749	-10.850151024890854
-12.857068156147571	-12.040812220613157	-17.601132810822456
-24.623540531931116	-20.425979695317373	-9.77344141875245
-8.547717355415854	-1.6995385286898474	-7.806674637157957
-3.6749419888530195	-3.1450578998226746	-8.26764578879109
-11.232984745900188	-12.517390664172845	-6.679697494848308
-5.449592560836208	-1.3305442954513624	-9.925344832045543
-2.5218682724611265	2.138304062184953	-6.907001644640322
-3.8133132261549876	3.0621692320386513	-5.8074456938791315
-12.43686332823021	-9.222283231713293	-15.091125150138161
-7.904302252115987	-9.353044217017118	-10.651659101490157
-7.810645162295597	-6.249058135035475	-16.22256285873392
-0.5010352037528291	-8.218219499291653	-16.50705141105062
1.130538334003297	-6.317270863294454	-16.969532955355863
-6.774610377737031	-9.505554599682085	-11.40904491634659
-1.5773223545561108	1.0530231039143008	-10.44972200877643
-3.5837046731196143	3.6110454691894533	-8.116356760584084
-3.8956955320729265	4.004634220814249	-6.375501445207577
-12.740555331792825	-10.762673795348004	-12.316975392941789
-4.6934830864808985	-6.131021174499528	-12.342463093939518
-6.005121446491454	-5.676644392744213	-16.060057240680052
-1.6075200202432982	-5.166457365183338	-15.490039771783247
-0.24155957077632753	-6.567027458845778	-15.946755097638981
-3.717670467695304	-7.647467157738601	-11.793988755705774
-8.883358772346067	1.2631985232701732	-10.635948059703335
-7.0956517662069	3.2362992624484472	-5.23685643897026
-8.547733277233265	2.2641033498071472	-8.756041071624635
-2.6017994312704755	-7.439309422912372	-7.56542370336286
-0.7453298161371096	-2.7675421503336053	-11.773450433253158
-5.290307566592551	-2.098672635488128	-13.2063995811556
-0.6889475795774407	-2.338327088225524	-11.393651715669064
-2.062873575040686	-3.2564799078769244	-12.795592597309042
-3.3520805367721866	-2.0000190250553294	-9.131445742296224
-9.767405245240788	-6.06047858207847	-12.723124189093365
-2.4122545342974235	-4.395108745411312	-10.810316402848304
-8.12193841504042	-5.678697746296037	-14.730588070592773
1.750387448580791	3.4049066586189163	-9.657598244439138
-0.22616047555727004	-3.5421730733417403	-9.80288885005632
-5.460562896535816	-9.090930585410865	-14.896843786630303
9.513211733189966	-11.734606075576416	-4.144847271943547
7.011837435192746	-5.453195156073858	-4.362445798120197
4.616339175270856	-1.431424270292895	-7.064480046295752
-6.852199748679576	4.334450365442395	-2.4770518236477588
-6.427688611232748	4.889132530699252	-3.3571167224104905
-5.505246242684899	2.525448773863382	-3.737547668003507
-12.178197245690285	-9.499318669173844	1.903566283970552
-2.2017390231093805	2.7365591036067176	-3.3983964909046147
-7.409955340038131	2.992548138799387	-3.6838384563933246
0.6027452499493425	0.302065846874997	2.929025169540347
-0.9844446040925103	0.45042253702425167	3.7497574576028265
-6.745355688235699	-14.573598214278135	10.731359800721608
-3.732839400926139	25.53158202860345	1.31775532907414
-3.5107937171847112	24.76144999236877	0.20978304183403915
-3.5779610533610993	26.35627979642294	0.7416981118787379
10.906841550475923	-24.998596239848585	14.222115815989627
-4.601317442537175	25.32625348960106	1.8765458212908535
-2.95769457178197	23.7054185454831	1.9029255669702585
-2.732081024903751	25.461076440849673	2.293092003105205
-3.4324354467761995	23.46865941417144	2.7174942856737627
10.331636760868665	-15.067128666331838	2.69278617614789
-13.787358874380196	-1.026245690810436	-6.3114888816261505
-11.653344970925092	-6.736472648078153	-7.82047107506633
-14.844261080302745	-9.278959237230202	-7.335071295385405
-7.610338067948642	-8.359050788057312	-10.734729997553718
-8.48854237259181	-4.444274680789237	-11.723039814932145
-10.898042809306208	-2.1221811648495352	-10.84086063456553
-6.98784730302276	-3.666515236903317	-3.0511412640219757
-6.1457740791986755	0.5165608315372912	-2.8867379560008577
-5.595596917632794	-10.676777728833978	2.5449603808908785
-5.528526796393776	11.508163007438043	4.02619399106323
-3.4799484890041152	14.249903454751452	6.483661148993004
-5.2038463522048986	9.072620452609579	3.2165872756435583
18.042238536279203	-7.57738288121194	7.642923600272664
-3.958816446796675	14.371470217145687	5.882728192118161
-6.287709025241239	7.771200130057592	1.4271368603145915
-3.8070194197897003	12.852374085013375	3.9494667913837875
-4.213472865125983	9.780750009573678	5.945905588794739
7.149906235186092	-21.51760868596203	-15.92942781981978
-4.023495782313963	11.689049424495892	4.447635316164963
-2.9251587422738092	12.125521723999757	7.094534271966518
-3.7473385958446435	10.45270508883505	3.459074200767271
17.472367992201995	-7.339239755176876	5.362116873460606
-4.5349336369879865	13.961684467942584	4.553005149187848
-5.682577167541466	8.811766243468856	2.9700317614509073
-3.9631437320832474	13.788147813900434	3.1174648566024685
-3.3168366758857304	8.045163993787446	3.4081476467994367
7.054953051768241	-16.573170721990945	-13.558032579944923
-6.306251994988241	13.148462770621249	10.235006670238809
-5.651595301679521	13.71825213664747	8.287982698696007
-6.167919413899791	10.403244879964378	6.448293991756744
15.43278040024677	-7.963527144330618	4.067989614723736
-3.791726107678755	14.565953784611843	6.5471273293645496
-5.966299195136075	10.150275895392516	5.900178616867673
-4.083546745786169	15.470421183167794	4.478144451238511
-3.833731785711533	7.703892732236633	4.856265958131224
6.9957995989710815	-18.448777775323798	-18.206902191527018
-2.947247021153481	11.233257852325805	6.780414289540652
-3.9415164126135744	11.996634209509992	8.03050527481286
-4.30574220465359	7.804242293272956	2.9276218873469615
20.607492703881118	-9.302562842974314	6.7381205152708015
-5.90967768019605	12.537068713939899	5.339469002499742
-7.0572528832363135	8.091390982062629	3.346445949942797
-6.367305128598287	12.97192347379141	4.435101880577641
-5.057179334692651	7.820090792873118	3.0734206996270146
6.08147667643219	-16.86740804234718	-16.312353938006936
-4.711481720699501	12.358474180766938	6.583105661053789
-5.386736798506899	12.258556647548465	6.7265380864263795
-3.6561491948914373	9.982947546345436	7.05330699820956
12.220018213117495	-6.8887864443357145	0.6471305914474553
-2.987466605654009	16.149873662469915	5.0870950422864585
-5.663893628954343	8.913679725150162	5.015357194687756
-5.762882312160217	15.077801026450167	3.9609970324143107
-4.04304604037	8.75390652571352	5.852090119893081
10.071905727173835	-23.75382783693965	-16.4450815890344
4.583833322098114	9.714373430054561	0.7196564213418759
4.351574804554602	10.581442615664983	0.5288380781367171
4.261789496927605	9.407347421100111	0.17198843948996567
9.366539000606158	-14.277336328262173	9.526494576418267
1.01575039999822	9.491330968700767	-2.40927120292044
0.7385448563107501	8.737346785805196	-2.093471004321923
2.6125219001143933	10.178489340716707	-1.3862666520825002
-3.7363329477143754	2.8163140258178383	-1.9135914849833793
8.62146808395339	-4.200307513852895	-0.03300525677603987
-6.506838553297474	10.836927067683154	4.7697187906291365
-6.607611974621126	10.567997399011793	7.568541518773536
-7.7478387950355225	9.293683758346937	2.568187398594343
17.518537558621414	-8.110409127815148	8.587467060260364
-3.1317615975308546	16.25942313346415	6.718413729440769
-7.628478369289781	10.707785856272471	2.3982604005446104
-5.704949529808886	15.255659859970406	6.808272485161061
-4.873671692164068	8.816976566113722	3.676259244314364
6.471106517628226	-15.990163712555876	-14.019948728271519
-4.995281839246014	10.52785274988948	6.942757428128715
-2.9622159747562096	11.760974571105924	6.723734331003071
-3.575209818804322	8.951744056331526	3.9050248824941862
15.26008428043123	-10.086362257904407	6.119992056830632
-4.050345589883035	14.685071709142127	5.2821756776732975
-7.335975783643301	12.682556012305545	5.888598286126126
-5.734075650432687	9.233064706756675	2.89580792373219
-4.379153034621339	13.715810022461692	5.849631812548012
-7.409612500614285	2.1704631668796335	11.100913466120595
8.303130135430374	-22.554229247527232	-12.7638213013146
-7.968101713739544	-11.58250245598193	-13.855632683718426
-7.569366176412388	-4.290021316206945	-13.069491031404246
-8.167489969657593	-0.8581984235922111	-12.020968919528844
-9.319243712782486	-6.035638098677051	-9.793546597218127
-10.125887876572627	-4.432170345984739	-12.427397570532156
-7.846865236026345	-9.085702076585827	-10.672356144084635
-1.0507384788607759	0.44200395344887444	-8.203143292895552
-3.545645335808784	-0.9805353172856747	-6.321152404842662
-3.690960432706029	0.17126368413607315	-7.68174372286075
-13.194593017691057	-8.947333317386455	-12.98357190487636
-7.62708095162818	-12.509722347364812	-9.123565018245557
-4.967204572673646	-11.340534368639014	-7.919856285917101
-3.762402329355135	-2.8211417013462414	-10.17983838796103
-4.041466172650895	-3.430957888232597	-10.820289058261224
-8.798148134228041	-9.903508184976657	-14.32779108029451
-14.764019202688223	-11.193279398708482	-17.17283517005832
-15.885558279696797	-10.586146185642114	-14.860048773283504
-12.528127813245389	-10.108180470469533	-15.817787661902768
-1.4305385128548838	-5.663368196976861	-8.02328355889491
-3.76801826148373	-4.586659794091298	-14.242309351988306
-9.644922579543513	-9.129464972420736	-11.97001069950518
-2.2374502971521806	0.5111580602039549	-3.635892033737889
-1.727259614451917	1.758448479120578	-1.0889090662001406
-4.350708545282133	-5.374574465253696	-18.772064789617225
-0.15959530851964426	-4.729856003640661	31.547127459340828
-3.458558509580161	-11.20400535154188	2.0121390495093534
-2.9977325336418534	-7.8274468511315645	7.373375894362418
-2.8237293465761844	-6.935585244799846	39.032224393276664
0.06089099647926103	-6.519452428503202	44.48696393532311
1.125121210062632	-1.0781346247308916	27.87102549806198
-0.016815368222501372	-9.76472673558674	37.25620623095797
2.166972321283655	-10.674320734349873	7.01350704724898
0.0774220627824595	-16.892952632758085	4.108374170344225
-0.6733171402920114	-7.128092838351372	36.830803567806434
0.8495910374992331	-6.1834437506027795	40.407648634477084
2.007521627856436	-11.569302573304714	40.12623640009522
-3.039928877673723	-5.547328037932547	32.34289136623187
-0.14073388229904157	-12.700357793836131	5.597613642587723
-5.2834553403129085	-14.31410482800257	6.099285247366767
-2.8158645648376877	-8.421203695925676	37.63250163389042
-1.7059705311797742	-4.834916719150207	31.178959121235355
-4.558183794706776	-7.33951027286072	29.29535957205853
-1.0415457264030017	-0.18833323101929197	29.876211082785726
-5.804389231810875	-9.363763688593673	9.227499260307892
-4.212671665426944	-14.228555956855983	13.297171699065595
-0.0668370959900088	-2.601707510146319	30.379319198039735
-0.06243265829486933	-2.640039197718176	29.717172558072885
-2.8530769797329123	-1.2334010730104408	29.03175589314992
-0.666651281812928	-2.4196297149933574	32.95810485445477
-3.295540155407102	-13.19787934351896	10.240535263524231
-3.424994056223713	-17.94260066214183	17.905785413916302
-2.2337461511461454	-6.865431165578625	35.63685316078724
1.6147159180524109	-5.170270675978492	31.614370057659176
2.3054849487165967	-2.1871074749576205	21.179194620656887
-2.114795710664327	-4.2271193939581755	35.43219393670022
-10.067094230381729	-9.157191633162023	9.63002245594587
-7.519764640274196	-14.192934207676485	18.20585174774006
-3.449219709952309	-5.835209561117717	30.485601909004295
-5.176504141213332	-10.470755859097	32.85550882687263
-1.3140749895082364	-5.250976963672041	27.6309764734342
-7.654826410275047	-2.355235912340775	-10.642584391982131
-7.2474237552265075	-4.010615571111108	-8.587778273611924
-12.75961569321711	-5.741334787807622	-9.52478514801124
-9.866865794494602	-13.400655009612686	9.569901446085867
-7.514486478527698	-4.020048931952825	-14.397007138634205
-16.39422626077603	-8.200717809559837	-15.969770264623655
-0.7637057492407093	-0.6015343963978407	-0.8930505564789935
-3.6961351455572866	1.9841382709437254	-1.2188781581055326
-5.295142567402453	-10.35440590853968	1.3475775159620442
-10.646065589091712	-3.620622231513792	-7.117273159955706
-9.904039808657599	-5.457259605260001	-7.164512806481052
-14.945092704217497	-7.504561107593179	-5.343707264089848
4.483661829448505	-4.829840382908604	8.036305585885202
-6.9142371089429995	-2.408110849196786	-10.197677762646848
-19.03136531521888	-10.150219674008651	-10.049320707511148
1.985041778693833	3.585058805188968	5.401114358872261
-7.154784363168231	-2.375272386109614	-3.6068622068919107
7.037715640420645	-0.36784138539381933	6.3654669013782375
-10.608478239791072	-1.6083681964187548	2.3894308900237
-12.567421215574198	-4.745193605064232	0.5140423525671659
-14.915114310941709	-8.666140932203504	0.35188580599599
3.7704115580321846	-4.5836491254142375	9.50650276165167
-7.724943671758869	-5.8589756113317355	-11.359641524578056
-16.378111135507844	-6.529594501946722	-11.737023678322446
1.1086856665162792	4.870632071842795	0.10071022829496562
-0.990748056640722	3.197292222574994	-0.1418368005714849
6.323731603945388	-4.1185192313594925	7.4863026554715395
-1.1798344935760572	-6.0808955811666605	-0.6443318697998012
-10.976724283650322	-3.227647136920246	-9.451845970918054
-12.310867592792611	-4.024324388144556	-10.50461316394331
-6.162302614554279	-3.626738699598463	0.8182352168263326
-5.631232638212932	-5.325058008166375	3.701256423632938
-6.406303971330011	-23.64417709129423	5.166601553845457
-2.8738173176426245	-6.054661776940466	-5.962589907872763
-11.42488542650563	-3.9548534502248938	-12.523847920674493
-11.88768247405664	-3.84089576987626	-10.321354378526795
-5.503262606102041	-1.6704586705543678	1.9753730417105495
-5.529189003671947	1.2682106159554911	3.1470260933849667
-5.2649322116366175	-13.347638382501602	12.12887957940373
-0.08677930236462231	-4.885015934036319	-4.962175849310267
-4.579404228738203	0.34248675045901256	-9.059762532744912
-4.102385234082579	-6.2304555514529145	-8.780004785030956
-0.43025751146635277	-8.96077002858036	2.621498928994082
-11.456872348330775	-18.17100772476574	6.47269854237399
-2.589289279595315	-6.318757543143529	-4.148964913681133
-8.46516154551654	-13.439221338525378	3.615681347285786
-10.415240585651668	-1.4292409216963784	-10.333959741255809
-12.534351965432418	-3.149689772011095	-9.315615828139153
-6.893284515983653	-6.034927588674878	0.3778644082918061
-8.35871147634103	-5.498211496004995	2.076191991093084
-12.079916553313815	-26.124738393423563	13.316083592833056
-9.257944485805414	-8.74611842155403	-13.242089630961315
-10.613348936516426	-8.427936540792553	-14.620462369633337
-12.120064457001952	-4.777275234843309	-12.161103425911158
-5.635313552734701	0.58694505973538	-9.450264353760048
-1.7231118201683506	-5.506516793516441	-14.207707501498788
-11.520917995115566	-11.65940844821478	-13.808607505420536
-0.22258125528960385	1.9695235850502013	-1.3130786345909837
0.007546653527219474	-2.5195499209445686	-7.1832972464392615
-6.083535123121446	-1.2059316187798907	-7.340305890579983
-12.371464657461104	-3.722816677684295	-10.223133678692086
-7.081729271729775	-3.5016327379623866	-12.859341659686542
-11.02304064624387	-5.035503756768104	-8.00858966602868
-2.900074910880856	-8.381899281607266	-11.813880697966137
-1.6501761646810005	-0.28493822263450996	-9.748124117048953
-4.243311263260998	0.01827010108873699	-10.036289811797715
-0.1412395837450851	-2.742727553220581	-9.997530664589567
-3.4463082731541794	1.8805613579323606	-8.355958698128989
-4.331604349949105	-12.09119719911065	-9.116208148344077
-0.4764052293636139	-3.300360625377539	-7.342752682561213
0.5294848777152394	-0.9788979374235067	-11.13829452352579
-1.2069467268717275	-5.721513427057286	-9.710945146037746
2.4655206237493608	-10.40993013574854	-6.4555766504916985
-3.50109836341518	-10.159378005583541	-12.03536543648309
-4.7262352964951395	-9.46205348521946	-7.140999389920502
-2.1727469556944397	0.36828210182841375	3.158790910282657
-4.468549522875338	-3.144455867420094	7.679943072492502
3.5242985221842202	-1.1334899286374551	2.411117418637521
4.213982392133959	8.29367680432575	0.6061879324356075
4.068273232809064	10.289345895418693	1.5272432144094625
3.6198630279560593	9.248880390918757	0.5589356611705205
17.711421187022868	-10.054437899753154	7.348380268177679
2.2183651762927448	10.229420622416075	6.151995512988634
-0.6377127229851838	7.293545530513591	5.523461856004684
5.331296763062972	15.553187253163786	5.949318640104977
1.7593837195244815	12.282021108989559	5.7381723676007415
21.977582610109764	-10.511555132481444	8.634658661347283
12.414181805601766	-30.426787099088827	12.290604426618485
2.251458044912269	16.885604611149486	4.119887208610077
-1.911632536273434	11.121427415121643	-1.0379254495136319
2.304568464813065	17.123603344392784	1.206106314611073
1.5279134963904832	19.667621732334357	1.5708065084332263
10.342874883377837	-11.861771352007288	-5.09235825074691
14.644352079961326	-24.715207907218836	10.323896279564584
5.679574326632572	15.977669089202843	6.660299636085032
0.20154181259172319	13.529612599373813	1.1673483179174675
4.223888426740812	15.196834598224237	1.9494121928677999
2.279706134511215	17.231056681611303	2.68783918964288
10.8951661796866	-13.213806174733433	-1.0925160200796176
18.972043643511583	-29.739153650433163	8.83128922680225
4.747086327900827	16.278091956900187	3.9050157198059057
-0.3547588914022585	9.753111886763001	-0.5858353797897626
4.154298976022803	13.692633086285976	0.8459217547366423
2.5700608148463373	16.879194812956996	1.6362051785325875
9.655499405722349	-13.58493260028273	-6.4249568225611755
-2.8975715037828107	8.424394625887249	-7.149534528285003
-3.011209013486969	8.020341196683166	-8.291196818941991
-1.549231566512153	7.682220992177807	-7.0732582032776685
13.29055462304025	-3.541687807011309	1.8796798001322936
2.8115025074343323	8.064227272277488	-6.608487333006421
-5.710023781829655	4.584300895888208	-4.847749891008115
5.959447967937965	3.778983561075679	-6.099200481520151
6.573319423748397	3.387348679096599	-1.603830684861399
3.2793841326855864	-2.7837475499257063	-2.1288017022828454
13.208429431314133	-17.824907798417648	7.899298036216712
4.373719152971327	19.722998708817855	3.890202839093016
-1.3468091446018056	11.269415561392705	0.05354421999296272
3.1182841226844684	15.400058339652476	3.4804444338073037
1.3211830078858595	22.245379331956475	2.0295399621750136
12.351622586567961	-13.133013919012143	0.3700339010829858
-1.9412210533002505	-5.898100745448276	-9.00491359563886
-1.4482427519895273	-3.917707339956119	-8.466865856291138
-3.1915495119616692	-6.381480078353682	-9.161421978541355
-0.15566678453563548	-16.097889563721132	-11.140345762922475
-5.565532801080101	-2.1384592328138057	-13.980483963715235
-4.418535230302399	-6.076214448866136	-11.556789984101297
-1.4167587236580435	4.959676467494075	-9.424277089690811
-1.5461053048172069	5.6311957665289265	-10.200836229195735
0.6642446818858961	-8.992939906959375	-12.820415521340674
-3.273116207007621	-6.713213861934143	-6.8515450841286745
-2.3095891764510488	-4.445663966682685	-6.702672240635761
-3.5351434544191513	-5.277236681268263	-5.671416054734774
-5.416930151493035	-16.20905950293976	-15.10460646147721
-5.508793137216174	-2.919178469955881	-13.340196332591963
-4.524488283804705	-3.6939572474122295	-9.828175419704365
-2.193847628220293	7.938690565246432	-9.146704904764274
0.3254345384039744	6.038196094139455	-8.645948460751656
-2.6377435619511056	-11.964830120968438	-15.614384637686042
-4.339693634538411	-2.9360323850197036	-0.6034998547517181
-5.5461081760218205	-7.321980677876354	-3.136459795554291
-1.422554576524887	-5.335134276194862	1.132402818194207
1.3199317086715572	-14.323119696594162	6.2907969909358865
-1.1490588763972625	-6.083553837038416	-3.574466010153061
-6.395739594814418	-0.9869442679009205	-1.1362063157076594
1.375853853605574	-9.64786130749963	0.7444044203607006
4.42813346578951	-11.59953704194342	5.496565873300831
7.241275014383854	-10.201027905808669	13.335837136299242
0.9078517996301446	-3.523387689227415	2.494020816334543
-0.4319206651876063	-4.651448029614481	-0.1010350304596462
0.9963370768233186	-10.753941081031474	3.5132353631856064
-6.0274004675043695	-15.169302349101338	16.93735223448766
1.0707428792134253	-8.149905051858958	1.4509305391800718
-2.9821199898101245	-4.958631650105653	1.9776996271507132
-0.5752174412409613	-12.019114089398869	6.416625753004249
2.3648131092656817	-11.110327106068114	4.411702504427685
4.829235316297476	-8.469302464602295	8.472707508987437
-8.281602492416825	-2.699169478675316	3.7866265866756295
-9.911569740644097	-5.79660492765846	4.0291524385843625
-9.23621148633631	-4.9437724913625125	1.4249380642646856
-0.7306228375464616	-7.04426612104644	7.425315460063529
-4.994857235950516	-9.220433573966195	4.022683018736839
-12.495331406636167	-7.080383005485143	0.22371631012521845
-2.8125245433581196	-9.844313549944877	7.325399005177026
-2.92787517088973	-11.629392710887467	12.802547818427973
1.5233631503924874	-6.576788094229489	4.440812670915418
-2.5773600945347974	-4.91453938086584	2.9013751897064806
-1.296055232317596	-4.731675569551766	3.816688722592784
-3.4547135959440394	-5.125949105898051	2.1635929499446354
-5.021314704578397	-5.944989952409709	3.428556737577022
-0.3469272914754073	-3.0541548801638383	-2.720295035984463
-3.3009989559416995	-4.436954878835295	-1.3392903088694448
1.9605415952827043	-9.29242536510058	1.760400847305697
-3.413616930926003	-8.89692616557981	9.78401704938286
-3.9247476270194874	-5.391247316795856	0.7318595095135325
-1.9663096519428978	-4.136454881899188	0.010591028200269623
-0.59027817726737	-6.754889403129172	0.2142513560504857
-1.4939805629132916	-7.311529683130219	-1.1619527373414638
-2.231860918319828	-15.006329529054323	11.097776899003794
-0.47413957776269955	-4.433748641539384	-5.4553836776882
-3.7070313963108474	-0.9261723922602056	-4.616928458830766
2.2039182116981206	-6.021811508178398	-0.19129566800807293
2.6018284180993767	-8.946866389140217	7.41736407783615
1.0494583548696934	-9.70718626149802	7.92307813212942
-6.259373234008611	-8.444146043990301	8.026233884168969
-15.584614265036505	-11.409702517354761	-12.062417494651541
6.3651196628995335	-7.588834347950396	22.731731175440924
7.123791346333788	-3.5323721955666407	14.695875957981048
6.305140432254491	-2.268419023282154	13.406243974380658
8.072432797299847	-1.6178565825154794	14.193848348213514
6.4117381926539965	-2.679964718302511	17.781879385954237
-5.62002960120302	-8.153396627695917	7.124307331526972
-17.42545779071118	-13.787496172081685	-14.947195143861846
8.494924164451419	-3.23255090879669	16.67425002907568
8.438298303776577	-3.3223734503295934	19.10244266947249
8.811882247542998	-8.357642626848195	26.192707193842104
1.4915144717758384	26.016313285683086	2.5999705936091058
0.8237622598965496	29.0768146010382	2.373005506475288
0.6229310183264196	28.23421310010929	2.0610371799513816
15.829229330267149	-17.894758961515294	8.151431277428841
0.4745142541929489	32.30567013898587	-0.5497886157358137
-0.3396564521752036	31.57496130710514	-1.0982592046060446
0.4878307932437556	35.53058830739595	-0.5561157437795049
-0.026553208560025916	33.32834446911876	-1.2674294301086295
17.171463883361177	-6.0104964114509025	1.18921930183033
1.5722600639042927	25.156969023024924	1.0763820668262234
2.1365561911549227	25.57169133429046	-0.3085072542735891
2.0258788374867684	23.675108418140226	1.79238187763572
16.9757089470101	-18.754106954650425	11.03433657876837
1.0331075360344546	33.17388129762524	-2.23076547005335
0.41543495499381705	30.042919563686354	-1.507232734757409
0.7236422507865524	33.026257007670765	-1.1626483549790174
-0.4495144307435043	31.987029072501887	-3.2177706745875403
17.544558233166658	-4.871751486114619	2.827673967391433
1.0814323417590623	23.54579401426218	0.770379689934724
0.3721727841387485	24.471793659225757	0.5431695271893932
0.48539307405432125	24.083764337537765	0.4825598992021475
13.851214535648765	-13.502717399959511	12.373461084272137
2.5107641977240296	25.473014955187786	-0.7279935754041129
0.8746076422054292	23.551075349051604	-1.1915693740571631
1.2753368372122849	26.43207412885582	0.2803454145981496
1.0872315392707217	23.114007907956683	-0.9556313890053425
10.992600034704855	-5.279443067896053	1.1422382647417362
0.11592699369288383	28.814052773067218	2.2488651871040797
0.13855818834197547	30.82939401026333	2.737194546248877
-0.13246640560478123	31.93708694695077	2.98081092538068
16.773534529954784	-18.741605651404612	8.733917383341804
0.8811920413277253	35.276356782319084	1.6620156630135923
-0.4801889738190913	37.23573479118548	0.4885080140479641
-1.227095644732023	35.25286477604304	0.20000975875706872
0.31766632458707855	34.575462988446645	-0.8262846247768538
15.882482845221656	-6.730618629404322	1.9414451193676634
-0.08396166327043819	27.584701055230166	-2.4123994290440525
0.10208540285614845	27.154765397284226	-2.308996552396349
0.3997390456303435	23.762674967230954	-2.505385119550248
18.646228952419573	-19.565596968138916	12.926892972924078
0.4360981149649984	35.86733534653132	-3.809725887619492
-2.0339872197893474	32.77259379981921	-0.9814545149833809
1.5578805896652275	29.913197596026386	-2.4330208789611505
0.1303356864757694	29.90826838559777	-1.8131621945062344
20.775921651791183	-4.105155618393887	1.1208135953155676
-13.216522792450661	-0.06478097237427467	10.260987264594599
-11.564766829248349	0.3420982589019389	8.796859202788944
-16.91793565385081	-3.4625612139522555	11.097330725787774
-12.002445722133437	-15.280550233722389	17.854493506281308
-15.095069951551787	0.13124064655018727	6.570701872442444
-17.41349060696602	-2.696087565974051	8.545652649354249
-14.572741372981195	0.32323398041499113	19.498721019555447
-13.271424846616227	5.632402760865631	21.162139888607758
-4.10605363393795	-4.506799831385438	11.690894451251692
-13.216522792450661	-0.06478097237427467	10.260987264594599
-11.564766829248349	0.3420982589019389	8.796859202788944
-16.91793565385081	-3.4625612139522555	11.097330725787774
-12.002445722133437	-15.280550233722389	17.854493506281308
-15.095069951551787	0.13124064655018727	6.570701872442444
-17.41349060696602	-2.696087565974051	8.545652649354249
-14.572741372981195	0.32323398041499113	19.498721019555447
-13.271424846616227	5.632402760865631	21.162139888607758
-4.10605363393795	-4.506799831385438	11.690894451251692
-0.19504481598065895	31.822404643088422	-2.6580945284056683
-0.1168794968229103	31.975941405346738	-2.469677573393166
0.42897026527162047	28.099331826969742	-2.6582304238352106
17.620194766397375	-15.71091388568414	9.69246253256208
-0.5117095797500598	26.428250420181996	-5.102303946614607
0.3446239410463001	26.56500587215721	-3.1343302117804654
1.7780714834086349	21.453139018539517	-2.8805305585635517
0.755432462581702	26.081241653436294	-2.260869880979878
18.02087691938769	-5.248516002625247	1.327519054772157
-14.75679092808172	-0.17121929748444434	9.373596508958906
-12.434113143533084	-4.44816153018742	12.476969359909774
-15.415244301506219	-3.9152035782581454	11.50816518516614
-13.544572587591057	-12.785429022328032	14.138557872565798
-18.169260891814197	-3.8760290869601586	6.663707552622591
-18.786437296603065	-0.49082456148429154	9.300576511423994
-13.390706064828823	1.8683373525671916	21.419867992266703
-11.291322337002436	1.4676547256449006	13.433593505487714
-2.6612556693559113	-6.005932954349066	5.1953124527090955
-2.099560107712989	26.198518997905992	-3.641985626718638
-2.5639699464322296	26.2626339339055	-3.005972417903526
-1.6513387866590656	26.641287995091286	-2.500842930420499
14.411264655800482	-17.876070057627224	9.618526323135445
-1.1191613247410146	36.28688936741224	-4.475372833651493
-2.2380613022667806	35.90052595869469	-2.71334695895745
1.0579708315205265	28.804988796700673	-2.0204597386938827
-2.394225191048694	34.988161794842945	-2.2304348594166648
16.209164424460766	-7.770576879049036	1.9383465151919714
-15.430930000639403	-1.259227660564272	5.86101108962523
-14.103285884642634	-3.2829073351722022	8.169804456224865
-15.887678866694781	-2.0700654198774977	8.141608611415656
-19.670387376621868	-20.275361645746262	11.634710560891302
-14.327703026437062	1.487137833195396	6.316412110000984
-19.137359318276772	-0.35847266688085516	5.387794606837206
-5.468451347086082	7.066269333153981	11.806041934230182
-13.4169752864328	3.3431164472235735	13.030239267400313
-3.265343761051282	-7.5055490032526215	6.467735634573357
-4.553612947726921	33.235956810987766	0.33606426936642875
-4.186779355992308	36.10254555015857	1.274785705292995
-3.830477065271732	34.263108649990784	0.5327114344755819
17.196857819733737	-16.75697619496285	10.397810379501434
-2.7421662853755495	40.24940034882398	-1.740682472766307
-3.936441798116338	37.87330490553448	0.0653429291527956
-1.7839514170474888	33.858550556369195	-0.3690685029662652
-3.0814171401551684	36.88194609872837	-1.5797784873199765
17.39746386169235	-7.695843117930017	1.910716192942188
-0.7094265964317007	26.452107729662654	-3.3376376061521724
-0.05443431187404012	24.707336370940602	-3.587260620376893
-0.6381505842593902	26.22899663625186	-3.490636849212254
17.794570923403317	-17.261559817086408	10.334840996024145
-0.49372684723513355	39.82365658996758	-4.176306373018087
-2.295298211614108	33.73013272998252	-4.602241121538853
0.1332762497395784	31.47079673258726	-3.496378083944002
-0.432406154223994	33.61093485412443	-3.4704955187979927
18.611444494060343	-5.059752627121741	2.446201631834895
-0.08396166327043819	27.584701055230166	-2.4123994290440525
0.10208540285614845	27.154765397284226	-2.308996552396349
0.3997390456303435	23.762674967230954	-2.505385119550248
18.721199518590687	-17.340804120253996	8.735912081628904
0.4360981149649984	35.86733534653132	-3.809725887619492
-2.0339872197893474	32.77259379981921	-0.9814545149833809
1.5578805896652275	29.913197596026386	-2.4330208789611505
0.1303356864757694	29.90826838559777	-1.8131621945062344
19.309477457709246	-4.802621320492625	3.606401941138055
-0.5494317068995441	27.99034832072089	-3.263254522401729
-0.5658222862649099	28.91518486798093	-3.4744887452436948
-0.921201462730593	26.36894382698884	-3.7625540571761356
18.730085949307572	-21.61642385605459	13.629746670508544
-1.2372430176182088	38.54037449049329	-5.364193113188618
-1.6093059044610811	34.629754647718165	-3.6297141174263996
1.1915146742250409	29.77992360832501	-3.973321445685543
-1.8575015626241465	33.055549138218154	-3.685829993957705
22.39744368309692	-7.464535754709587	2.5289565896167057
-1.5234949432341467	25.589848333877562	-4.143845891099376
-1.3091605441634977	26.347324355865073	-4.494267995694015
-1.3795213126248194	27.12017908090565	-4.389373827091503
16.635134459567805	-21.842040185412177	10.994015049948436
-0.8844638506459598	34.78520068172613	-5.507482904693406
-3.430522749070588	38.1183347921394	-4.519666291120168
0.5935818643880215	30.01504486869968	-3.3690420723896897
-1.5628332599676569	35.66875724948432	-3.4395356324739916
19.995502187602554	-4.460261189311616	0.8680955184533893
-11.412374531804135	-15.13937935521362	-3.139946232457484
-6.599968315983225	2.3947648808412727	-8.098004447167984
-22.71504582373374	-2.059285908246932	-2.9857536895187597
-13.213358631467413	0.9655638488257217	-5.938587282512928
-7.387272021579484	1.615088912080618	2.0346166194177284
-8.452728916218206	-9.982008025484587	-8.785213412223246
-6.6211906784557355	-16.899424117883783	5.1374192097665246
-6.554469571861439	-10.485101495338938	1.0561326609296962
-11.289584439111982	-12.818624562910767	-1.2434542681988319
-4.1698544838414255	1.8299284870534016	18.164151218104113
-2.343672377288824	-12.497067564149559	11.138082569169768
-4.4968175728962585	-13.117240550851314	3.394791603031986
-9.86314283903903	-1.565939765538619	14.695182598619546
-16.988921433521945	-10.661753062853805	19.960128460866198
-11.92484606473767	-2.9641415260476904	-5.069852041622851
-1.2058988331072298	-3.4978027248554726	-14.100706619281286
-12.672754430308682	-8.636131425324306	-19.85642692250784
-13.279506179873538	-14.000521997261462	-18.40069336706947
-0.7028062344057047	1.6897079288589647	-10.180903394382153
-3.6382946331521255	0.3775627725162982	-10.855563565701004
-4.755913507718232	-5.05002306783936	-17.029831121905048
-6.576898259556883	-4.761273033498384	-11.710926345156842
-14.385326120637963	-7.0744868077700005	-19.713254048164426
-14.820744562957005	-16.670522184552464	-17.38374036134799
-0.29463983185949594	0.5433508886700882	-7.241427546838882
-3.7205256314807684	1.2832214500600023	-7.2792863295084995
-4.40511676201635	-5.3279932249574005	-17.772226233399888
-0.7667806709645612	-1.3009386785417787	-7.265352705996163
-9.529896888119678	-9.598730699697825	-15.261230246706678
-13.787786937158593	-8.301986019604481	-12.300432846706245
-6.70567669998605	-4.01562788417465	-7.587777092407182
-7.895725841328722	-4.788581685691992	-7.297755943009171
-6.432406679397763	-3.0183501397477945	-10.712981572926646
-0.8208302566514895	-3.0203029343874093	-4.158170073163372
-8.44778595029507	-1.8649541774384397	-13.140889862926132
-11.004980154621329	-10.586906943799459	-17.515771579355835
-7.043412992120251	-0.14546902894860478	-6.158762886897788
-6.827890324654774	0.7492700742484092	-4.33974880030849
-1.9211275376502928	-2.1234574193928726	-9.495056483206806
-3.66665756155523	-4.0865984683575425	-7.290091326427507
-13.173850462377388	-5.391526377123292	-18.884134597389046
-11.377866026887764	-6.709085841020982	-13.7580321927089
-2.531812667848692	-3.226708565716655	-5.545800798853968
-4.150489867128963	-0.9217495529491725	-5.113957431564104
-1.487839935274748	-1.6260419059454383	-7.616370541258136
-8.162648562581381	2.2933648935794175	-5.726585847195818
-8.418388878848315	3.1009384828325834	-4.164333289027338
-7.086123554344498	2.102934202627889	-4.9904840120721525
-1.9170362267154344	-0.7750411865743304	11.099592254282307
-5.554450260850037	0.7046016362918435	-6.735183111634536
-8.231742798097716	1.334151318153321	-8.560002607516175
3.867596523208799	-0.3773489240598544	-3.766712216061385
0.714376324969039	0.4695111264826048	-4.635897427066775
-1.0717220790000415	-3.554202822050337	1.2357434979930586
-15.406980956359263	-12.82566504720447	0.18209642755612784
-12.48408967183263	-16.696204631157244	6.00300136983786
-9.194999864549244	-10.705790482747785	2.2795144031578274
-1.1001420708972107	-9.979345251640325	-14.879659867459418
-14.436768744743864	-9.895139857177425	-3.5714233507898583
-10.075698351599252	-13.160867422647566	9.440053863434166
-5.635156941122302	-4.8284614434943895	-14.304772639588382
-5.374388250267032	-5.2133434115287125	-11.977163289950276
-7.963783904367295	-14.314821930157926	-10.300792164662408
-14.097604073714	-4.213343220956521	-7.1363035190453985
-13.402455065278712	-3.974218915904579	-6.220577362843426
-16.039974005983776	-5.407851022417462	-5.849356972603033
-7.654946001926489	-18.16145582979181	8.377977107015246
-9.759564129305142	1.80035520099347	-4.807489850831164
-13.856895524856622	-0.6198411313164787	-7.187646585133255
-0.6993086585644808	1.8821473816969663	-6.983879972300536
1.1203558987456463	0.5808400497093589	-9.665702319618863
-1.1598145378573104	-7.139943677952454	3.1384410526613293
-6.807692520710635	-1.2545479613591313	-8.276495316248633
-9.207894236151924	-3.403010203702916	-8.749464748560502
-10.59503709957251	-7.056910492660428	-8.461634530174845
-4.189712225660177	-10.613754829345586	11.422861949058298
-2.180280873540956	-3.2802356380514617	-12.082478026978395
-8.060627289264565	-4.342810737010842	-12.65659955974132
0.8619289671724497	-3.4688222418588004	-4.495182938622957
-1.8394269521324975	-0.5652647462759978	-6.353673085790896
2.8091043123705495	-15.501927550899808	23.47348349276804
-7.811792605598248	0.9923271332073369	-8.135119462499734
-10.953586699345433	-2.647908127713629	-7.705106835960785
-10.990062718017827	-0.8087018835996791	-5.217143598088494
-2.0135494007664594	-6.931525127793645	-12.46753916892069
-8.859929120466566	-3.4249537978623867	-12.830805330964651
-10.283008004995768	-3.791241063353291	-13.1206988328327
-4.134143776568537	-6.910566585954563	-15.553889316073363
-4.709503104964164	-7.216327336673968	-15.332570944420377
-6.4243024293319975	-6.87436552432825	-12.507922762274946
-11.815063997644488	-3.7471705294156017	14.231416831014382
-10.742014371557678	-1.0893147608980898	14.233615107246765
-11.923637896197683	-0.8623059660892654	13.25941423382232
-3.5258546966318542	-13.795449459969896	56.05742253685824
-17.01565962087058	-10.829615254087265	34.06522973067867
-16.894406605917585	-7.244171229729618	17.5181490862852
-7.481685572870184	-2.470269139159463	12.904738171233642
-11.335133633569395	-17.75585098357071	29.28629715544222
-9.90005680252568	-7.337366957400151	21.74177964129058
-11.815063997644488	-3.7471705294156017	14.231416831014382
-10.742014371557678	-1.0893147608980898	14.233615107246765
-11.923637896197683	-0.8623059660892654	13.25941423382232
-3.5258546966318542	-13.795449459969896	56.05742253685824
-17.01565962087058	-10.829615254087265	34.06522973067867
-16.894406605917585	-7.244171229729618	17.5181490862852
-7.481685572870184	-2.470269139159463	12.904738171233642
-11.335133633569395	-17.75585098357071	29.28629715544222
-9.90005680252568	-7.337366957400151	21.74177964129058
-11.208237734596128	-1.4639129987914263	14.564042584163824
-10.710484063373107	-0.7001817080743116	9.782013930147599
-9.38310851228692	-2.3322487097723075	9.560254722899328
-4.21517577704794	-0.42050666778065204	37.4326127761072
-12.54699035583466	-2.397416849085945	24.850838094419807
-11.433403374657585	0.8561208704229408	19.310914911532212
-4.030395546875047	-6.938049515978178	11.880660045680047
-5.318819059153323	-3.6122033286040285	12.934536032663265
-8.229070658471455	-4.836924779907542	29.71858679578844
-11.208237734596128	-1.4639129987914263	14.564042584163824
-10.710484063373107	-0.7001817080743116	9.782013930147599
-9.38310851228692	-2.3322487097723075	9.560254722899328
-4.21517577704794	-0.42050666778065204	37.4326127761072
-12.54699035583466	-2.397416849085945	24.850838094419807
-11.433403374657585	0.8561208704229408	19.310914911532212
-4.030395546875047	-6.938049515978178	11.880660045680047
-5.318819059153323	-3.6122033286040285	12.934536032663265
-8.229070658471455	-4.836924779907542	29.71858679578844
-15.425289670909235	-3.5069307148992066	20.65643212866629
-11.244769893490496	-0.10623643888190153	15.347384160088374
-16.902659881488802	-4.361012558077711	19.426718176219474
-2.7984462947333384	5.333111060149308	24.818321275275917
-15.397017929580208	-0.132081949659499	30.85881915066262
-13.56970241744953	-1.9532546013442842	25.696045126655378
-6.009739012622277	0.6482392443601444	18.204821877831908
-8.057445944915445	-4.451470310035862	18.09712138407819
-6.308129320882117	-1.613809792891733	19.8057359377327
0.9121814249983713	-7.781892093710542	-6.220071449615531
-0.9591983915675988	8.296895248828795	0.2476752401927471
-10.728912046314186	1.3360226139952498	-4.857947247876262
-4.867032810674455	4.024385144912274	2.22690654293015
-5.215324824152209	3.4575099231587565	-4.07759132370494
2.9683143472710576	-11.071457351560833	-8.339474269478828
-8.032034731080108	-9.292921978811492	-11.328348215043526
-5.608425374240645	5.490018935071215	-0.5813019204927774
-9.696440210401107	4.542033319172744	-2.933561299556074
-4.948790584189438	4.660479324223614	-1.6031859271190747
-5.366289846132054	3.557709118367432	1.1386042255352282
1.8234111790613952	-10.677031525761308	-11.106246816524468
0.8266714570086504	-8.877817638966125	-5.491162525636053
0.35338201877092973	7.56846023476355	1.2216216780823708
-5.048466107059856	2.590579718415463	-0.557768065453287
-2.9026694996029763	0.3369893252672249	3.262072705345165
-4.759811249949208	4.061023469413002	-1.0986324576441204
1.4971162880689521	-19.071501028231527	-7.675885357102001
1.6942273167918547	-5.831922748782856	-6.81314282925339
-1.934691538846104	6.623778708216373	-3.3220880111916995
-7.4725053261985215	2.5323791247986653	-2.806354381528163
-0.8179801545919198	5.609089247060962	-0.3172645810916936
-1.3406121580270365	6.73360311263119	1.6730390230476684
1.2986865454360808	-10.294486548415357	-9.310096954789158
-24.572635629151836	-12.787135768965205	-10.497148488137938
-18.432145826248487	-9.583033054409995	-4.90595492726925
-23.137328351143434	-10.456380828750753	-6.164040191917588
2.4552194094198767	-4.8197005230720285	-0.23354431748978277
-9.157423516499936	-3.572214780196746	-9.825610144354
-24.570956952890953	-12.194380315695991	-4.607526687539289
1.9972977852925253	2.780594648482394	-6.45116278520947
2.381605311088954	2.9081969972139086	3.6625663926784076
4.447456568267921	-7.098601413654958	-9.251972386643267
-13.799103940591833	-1.9793380427099445	-7.545566336828947
-10.51255563062923	2.3659428302715044	-3.7689642423038507
-12.577594083932219	2.338153920057304	-4.781783754513248
-9.82817398839712	-13.672392068860226	-3.3498514465144655
-13.969001736336738	0.93670292112689	-4.475128811912418
-10.825268020432537	0.33896478080445275	-8.194161935685495
-16.7140523904393	-0.08986615859461071	-7.498274766171488
-13.387831474895455	-2.7587828745518697	-6.348477261009566
-0.7992270367007603	-6.270789872703191	-3.96117494185259
-12.101117562728566	-1.3769091160882736	-11.115564875249378
-7.686644632531326	6.359393513311694	-2.8835705869334824
-10.613242928833497	4.202591210110193	-5.103119355716738
-2.635664670793072	-9.654356372516423	-0.026443380570538876
-10.815988897232026	-1.2649440515047772	-8.570151723579636
-11.315138797519431	-0.9058692624189112	-8.629845203462157
-15.454110563456332	-2.5352685532546424	-7.036475633391354
-11.497914036217484	-5.854728022268372	-5.9691036441576255
-1.0438333472146104	-10.399590059064625	-5.683531251617968
-10.79096760913727	-10.435035194979845	-3.1651449387771757
-10.815658649697294	-9.394213224987155	-5.147282552962052
-9.954819871643489	-8.466993941072538	-4.361879150342671
-0.07867399022379912	-3.996285690208811	-3.143839204748839
-13.715687955771019	-12.434408897287202	-11.520353492272639
-10.896013714227657	-9.778270254987044	-6.730034205993132
-2.2835914769022385	-2.511438896431379	0.2752069803959362
-3.993850243157441	-0.8755596394550891	0.593306726452335
-2.445230361793767	-7.015453824552036	-4.839814609494198
-22.977624815743678	-13.315087829980033	7.395462064517754
-21.21331022790983	-15.02231943119334	4.0557590476790235
-25.591870718014338	-14.750635995373749	3.7797246860568534
2.3430012683754624	-18.41973809881626	-8.26193091156869
-26.4988550901004	-20.280731381824808	-10.875348597222281
-23.639673313525044	-16.61470987599796	-1.6997186758334066
-6.4163664362522725	-6.664656805724809	-1.1567035886740487
-9.153330274899256	-3.0991487989783857	-1.5683651376652379
3.345579689697434	-14.360379554393111	-7.705141634095347
-11.654102960835067	-1.1995235883073663	-4.090856364516196
-12.868156404153963	-4.411361976167368	3.223013451796756
-9.393681621531007	-3.6590704110138823	-4.280211714165229
-3.0354037433536116	-6.235165658175705	-13.946490825635049
-0.4211912642202051	-16.457174835637637	-8.438292802339136
-12.894015408128366	-13.378333060525165	-19.13609172132406
-1.1660916857278636	-11.105357575075251	-10.00496506815854
-6.476022505940253	-4.516180530007473	-11.446679453960604
-11.10877019022277	-8.615639137802898	-9.74596852811391
-29.712408811626005	-15.802402935245189	4.94730865015517
-20.857622733631995	-12.001636261479204	6.654776038665481
-30.395469175114318	-14.685048020243412	1.8598330384280235
3.879395090424036	-21.876469019682318	-0.7020267403159349
-26.65495884823426	-10.573887970494695	-7.584407775826743
-36.08569260251456	-18.144780795371354	-3.1517710081057304
-13.083817532092795	-4.186699359572208	1.0463784676648125
-12.182667467942506	-0.14443674810716997	6.059767058189288
-2.6059031453843393	-11.069583185392812	-7.900113488826692
-14.491873993326868	-5.462109162707526	-12.218129976480553
-14.47479687618031	-6.670197685140571	-4.295669892583164
-12.225862982597304	-8.912687378532187	-7.7786819961109215
-11.175639034136168	-8.599941807049376	-10.840470789330697
-2.8285003876124772	-9.58232164508868	-9.40516966852164
-14.902132370582313	-12.017136499657797	-17.574251883335684
0.7816442640341986	-3.7727438818693115	-9.699895133940082
-2.326733577353751	-3.670201643687669	-10.70950085528699
-5.209173308070146	-7.461431783063013	-16.195329900159734
-19.307244248165315	-0.6557178710889751	-2.8351438261614446
-13.931017666465484	-4.110049131167008	-5.436990112942695
-17.787559470903542	-5.805335805749959	-3.3496598454980533
-4.463305397069736	-7.746930843743019	-16.012748717435304
-2.8301806210557516	-12.248972181743126	-7.455488451672927
-21.290014109245984	-12.26691960720476	-16.34832396626548
-4.973102647624331	-3.986466516210825	-7.793197081968728
-8.61288013270398	-6.3686519744770145	-13.454250461699676
-12.535561471535843	-8.677264380005889	-6.977361837232916
1.7995867276644517	-5.7158780811876095	-1.8130718618337593
-2.7088367121913883	-4.887522624568591	-13.113117165711829
1.389409822071104	-4.013536584988921	-6.341326007696672
-10.997423782292897	-13.233759437182867	-1.9624996353327668
-8.27665055229648	-12.19343256141355	-3.2132817900161457
3.264600495257993	-5.237790266619444	-7.883286117376365
-6.7173311077693025	-10.226860083939156	2.770831019703268
-2.1507771550132406	-3.135225797070335	10.076041210505657
-1.3090338218525606	-8.14422893509436	12.265648316165189
-0.3583413519091577	-1.1310369694337599	8.828262994093286
0.7052906276011978	1.351115528416488	8.170434257006024
-7.135508210211003	-13.535866356053287	8.604368378820746
-1.9457870937281947	-5.530531349397119	-2.9065194586256866
-13.341911916588758	-6.917739793134418	-8.654440673233651
-14.495783559384758	-11.815248356385135	-4.737926954257842
0.6499215892768729	1.4360734304934184	-3.942552055392325
-2.811022266714668	-1.4166958679449373	-5.65564530821293
-0.16495328323854597	-10.949755256721831	-1.332894230355996
-8.351707392071033	-11.9554807618993	-0.2607189630646161
-2.280721846281602	3.823079403496372	7.972940296406112
-1.1191434254947519	-0.2520582825557815	4.854926808984629
-3.1275434978774803	0.9844288303986158	5.661502851573695
-2.474836869698918	1.2905842200614848	1.4098543464114803
-2.2958630737453056	-8.40803065377908	5.901787473635999
-6.364891050456399	-9.632897319720218	-2.0657739080450477
-7.441221172590658	-4.459787694450763	-12.276679089499876
-11.711310931141238	-7.132881473103505	-8.341487220683119
-3.1790135260398626	-3.6489672573360306	0.3283454860961647
-2.8927492090249096	-3.5165285301279874	-7.492820265941505
-3.4732530287545296	-5.44409394595818	-4.592090570798254
-4.840932178348369	-8.254005868239666	-2.696376528768885
-3.9300013853170523	1.2917412988218255	11.046411475240113
-5.12298334613958	0.9994962193095496	13.790778067840217
-3.966389831502791	-1.0022665042858137	8.170379101716309
-2.630676908243478	1.2169019434436097	7.2378887908926055
-4.058786651854703	-6.957640722886887	9.957192907079818
-9.628117300619435	-8.966629640115347	-1.4993334005707286
-0.5417483426133376	0.32317492401720577	8.525670805762786
-0.3925974063087343	-4.634448555640196	9.249590408548212
-0.8422272220134484	-2.4213190875840316	11.225278361769455
0.7719024357341451	3.2126664898077064	11.722351348877648
-4.782721402314976	-7.57175380084648	10.237716447581883
-8.117485158304108	-5.938739968891665	-0.15449885980079994
-4.695145935836076	0.42079326120594307	12.355478411439393
-7.021458168806037	-2.88325597125079	5.3615464786560665
1.4367661150262867	1.3725778833412943	5.3579168636916545
0.32488414820123	0.04274452956717587	0.3866508222248405
6.582796736286217	-7.173395449277652	8.418068236528887
